                  epoch,         train/box_loss,         train/cls_loss,         train/dfl_loss,   metrics/precision(B),      metrics/recall(B),       metrics/mAP50(B),    metrics/mAP50-95(B),           val/box_loss,           val/cls_loss,           val/dfl_loss,                 lr/pg0,                 lr/pg1,                 lr/pg2
                      1,                 2.7883,                 4.6695,                 2.4262,                  5e-05,                0.01163,                0.00011,                  3e-05,                 3.0567,                 4.8727,                 2.5464,               8.33e-06,               8.33e-06,               8.33e-06
                      2,                  2.722,                 4.6775,                 2.3698,                  5e-05,                0.01224,                 0.0002,                  5e-05,                  2.881,                  4.745,                 2.4331,              1.428e-05,              1.428e-05,              1.428e-05
                      3,                 2.7304,                 4.5814,                 2.3648,                  6e-05,                0.01307,                0.00061,                0.00014,                 2.7157,                 4.6416,                 2.3525,             1.6423e-05,             1.6423e-05,             1.6423e-05
                      4,                 2.7854,                 4.5511,                 2.3665,                0.01415,                0.01441,                0.00867,                0.00124,                 2.6464,                 4.5427,                 2.2973,             1.4758e-05,             1.4758e-05,             1.4758e-05
                      5,                 2.7443,                 4.5182,                 2.3769,                0.00335,                0.00355,                 0.0012,                0.00047,                 2.5975,                 4.4708,                 2.2779,             9.2857e-06,             9.2857e-06,             9.2857e-06
