                  epoch,         train/box_loss,         train/cls_loss,         train/dfl_loss,   metrics/precision(B),      metrics/recall(B),       metrics/mAP50(B),    metrics/mAP50-95(B),           val/box_loss,           val/cls_loss,           val/dfl_loss,                 lr/pg0,                 lr/pg1,                 lr/pg2
                      1,                 2.7154,                 4.5967,                 2.3803,                  4e-05,                0.00849,                  7e-05,                  2e-05,                 3.2132,                 5.0236,                 2.6995,               8.33e-06,               8.33e-06,               8.33e-06
                      2,                  2.641,                  4.613,                 2.3277,                  5e-05,                0.01252,                0.00013,                  3e-05,                 3.0284,                  4.854,                 2.5383,              1.428e-05,              1.428e-05,              1.428e-05
                      3,                 2.6659,                 4.5285,                 2.3284,                0.04251,                0.00672,                0.00032,                  8e-05,                  2.855,                  4.716,                 2.4232,             1.6423e-05,             1.6423e-05,             1.6423e-05
                      4,                 2.7218,                 4.4928,                 2.3321,                0.04273,                0.00769,                 0.0014,                0.00037,                 2.7063,                 4.6013,                 2.3449,             1.4758e-05,             1.4758e-05,             1.4758e-05
                      5,                 2.6686,                  4.458,                 2.3327,                0.01827,                0.00496,                 0.0015,                0.00039,                 2.6224,                 4.5059,                 2.2921,             9.2857e-06,             9.2857e-06,             9.2857e-06
