                  epoch,         train/box_loss,         train/cls_loss,         train/dfl_loss,   metrics/precision(B),      metrics/recall(B),       metrics/mAP50(B),    metrics/mAP50-95(B),           val/box_loss,           val/cls_loss,           val/dfl_loss,                 lr/pg0,                 lr/pg1,                 lr/pg2
                      1,                 2.8981,                 4.7471,                 2.4924,                 0.0142,                0.01088,                 0.0008,                0.00014,                 2.7067,                 4.7173,                 2.3497,               8.33e-06,               8.33e-06,               8.33e-06
                      2,                 2.8423,                 4.7617,                 2.4402,                0.01418,                0.01218,                0.00064,                0.00018,                 2.6287,                 4.5942,                 2.3061,              1.428e-05,              1.428e-05,              1.428e-05
                      3,                 2.8208,                 4.6467,                 2.4214,                0.00048,                0.01046,                0.00123,                0.00033,                 2.5947,                 4.5224,                 2.2946,             1.6423e-05,             1.6423e-05,             1.6423e-05
                      4,                 2.8747,                 4.6154,                 2.4204,                0.00344,                0.00866,                0.00257,                0.00092,                 2.5706,                 4.4561,                 2.2899,             1.4758e-05,             1.4758e-05,             1.4758e-05
                      5,                 2.8296,                 4.5876,                 2.4307,                0.00493,                0.00866,                0.00288,                 0.0009,                 2.5675,                 4.4225,                 2.3006,             9.2857e-06,             9.2857e-06,             9.2857e-06
